rank,word,count,complexity_band
1,able,24,Band 1 - Basic/Everyday
2,act,52,Band 1 - Basic/Everyday
3,adds,1,Band 1 - Basic/Everyday
4,again,34,Band 1 - Basic/Everyday
5,air,1,Band 1 - Basic/Everyday
6,also,194,Band 1 - Basic/Everyday
7,always,26,Band 1 - Basic/Everyday
8,another,39,Band 1 - Basic/Everyday
9,answers,44,Band 1 - Basic/Everyday
10,app,59,Band 1 - Basic/Everyday
11,apps,1,Band 1 - Basic/Everyday
12,ask,149,Band 1 - Basic/Everyday
13,ate,1,Band 1 - Basic/Everyday
14,beautiful,1,Band 1 - Basic/Everyday
15,begin,30,Band 1 - Basic/Everyday
16,believe,34,Band 1 - Basic/Everyday
17,believed,1,Band 1 - Basic/Everyday
18,best,34,Band 1 - Basic/Everyday
19,bet,1,Band 1 - Basic/Everyday
20,better,45,Band 1 - Basic/Everyday
21,big,1,Band 1 - Basic/Everyday
22,bit,1,Band 1 - Basic/Everyday
23,black,1,Band 1 - Basic/Everyday
24,body,37,Band 1 - Basic/Everyday
25,bone,1,Band 1 - Basic/Everyday
26,book,260,Band 1 - Basic/Everyday
27,bow,1,Band 1 - Basic/Everyday
28,box,1,Band 1 - Basic/Everyday
29,break,1,Band 1 - Basic/Everyday
30,bring,36,Band 1 - Basic/Everyday
31,build,86,Band 1 - Basic/Everyday
32,called,58,Band 1 - Basic/Everyday
33,can,587,Band 1 - Basic/Everyday
34,change,28,Band 1 - Basic/Everyday
35,children,106,Band 1 - Basic/Everyday
36,choose,22,Band 1 - Basic/Everyday
37,closer,18,Band 1 - Basic/Everyday
38,clothes,1,Band 1 - Basic/Everyday
39,coffee,1,Band 1 - Basic/Everyday
40,come,141,Band 1 - Basic/Everyday
41,continue,36,Band 1 - Basic/Everyday
42,could,73,Band 1 - Basic/Everyday
43,country,1,Band 1 - Basic/Everyday
44,cut,1,Band 1 - Basic/Everyday
45,dance,1,Band 1 - Basic/Everyday
46,danger,1,Band 1 - Basic/Everyday
47,daughter,1,Band 1 - Basic/Everyday
48,day,102,Band 1 - Basic/Everyday
49,death,41,Band 1 - Basic/Everyday
50,did,60,Band 1 - Basic/Everyday
51,die,23,Band 1 - Basic/Everyday
52,different,25,Band 1 - Basic/Everyday
53,dinner,1,Band 1 - Basic/Everyday
54,do,307,Band 1 - Basic/Everyday
55,doing,32,Band 1 - Basic/Everyday
56,door,1,Band 1 - Basic/Everyday
57,dress,1,Band 1 - Basic/Everyday
58,drop,1,Band 1 - Basic/Everyday
59,dry,1,Band 1 - Basic/Everyday
60,ears,1,Band 1 - Basic/Everyday
61,earth,78,Band 1 - Basic/Everyday
62,easier,1,Band 1 - Basic/Everyday
63,end,61,Band 1 - Basic/Everyday
64,ends,1,Band 1 - Basic/Everyday
65,every,55,Band 1 - Basic/Everyday
66,exam,1,Band 1 - Basic/Everyday
67,example,55,Band 1 - Basic/Everyday
68,extra,1,Band 1 - Basic/Everyday
69,fall,28,Band 1 - Basic/Everyday
70,falls,1,Band 1 - Basic/Everyday
71,family,135,Band 1 - Basic/Everyday
72,fast,17,Band 1 - Basic/Everyday
73,faster,1,Band 1 - Basic/Everyday
74,father,147,Band 1 - Basic/Everyday
75,favorite,1,Band 1 - Basic/Everyday
76,feel,126,Band 1 - Basic/Everyday
77,feet,1,Band 1 - Basic/Everyday
78,felt,24,Band 1 - Basic/Everyday
79,find,178,Band 1 - Basic/Everyday
80,fire,1,Band 1 - Basic/Everyday
81,first,67,Band 1 - Basic/Everyday
82,five,1,Band 1 - Basic/Everyday
83,follow,111,Band 1 - Basic/Everyday
84,foods,1,Band 1 - Basic/Everyday
85,form,20,Band 1 - Basic/Everyday
86,forms,1,Band 1 - Basic/Everyday
87,friend,1,Band 1 - Basic/Everyday
88,friends,33,Band 1 - Basic/Everyday
89,front,1,Band 1 - Basic/Everyday
90,funny,1,Band 1 - Basic/Everyday
91,gift,73,Band 1 - Basic/Everyday
92,give,71,Band 1 - Basic/Everyday
93,go,34,Band 1 - Basic/Everyday
94,goal,23,Band 1 - Basic/Everyday
95,gold,1,Band 1 - Basic/Everyday
96,good,67,Band 1 - Basic/Everyday
97,gotten,1,Band 1 - Basic/Everyday
98,great,51,Band 1 - Basic/Everyday
99,greatest,17,Band 1 - Basic/Everyday
100,ground,1,Band 1 - Basic/Everyday
101,group,17,Band 1 - Basic/Everyday
102,grow,50,Band 1 - Basic/Everyday
103,guide,83,Band 1 - Basic/Everyday
104,had,34,Band 1 - Basic/Everyday
105,hall,1,Band 1 - Basic/Everyday
106,hang,1,Band 1 - Basic/Everyday
107,has,146,Band 1 - Basic/Everyday
108,have,475,Band 1 - Basic/Everyday
109,having,23,Band 1 - Basic/Everyday
110,heads,1,Band 1 - Basic/Everyday
111,healthy,1,Band 1 - Basic/Everyday
112,heart,57,Band 1 - Basic/Everyday
113,heavy,1,Band 1 - Basic/Everyday
114,help,598,Band 1 - Basic/Everyday
115,helping,46,Band 1 - Basic/Everyday
116,higher,1,Band 1 - Basic/Everyday
117,hill,1,Band 1 - Basic/Everyday
118,hole,1,Band 1 - Basic/Everyday
119,holiday,1,Band 1 - Basic/Everyday
120,home,18,Band 1 - Basic/Everyday
121,hope,47,Band 1 - Basic/Everyday
122,hot,1,Band 1 - Basic/Everyday
123,hour,1,Band 1 - Basic/Everyday
124,houses,1,Band 1 - Basic/Everyday
125,how,486,Band 1 - Basic/Everyday
126,ideas,53,Band 1 - Basic/Everyday
127,include,36,Band 1 - Basic/Everyday
128,information,44,Band 1 - Basic/Everyday
129,interesting,1,Band 1 - Basic/Everyday
130,joy,53,Band 1 - Basic/Everyday
131,just,29,Band 1 - Basic/Everyday
132,keep,144,Band 1 - Basic/Everyday
133,keeping,53,Band 1 - Basic/Everyday
134,key,43,Band 1 - Basic/Everyday
135,kill,1,Band 1 - Basic/Everyday
136,know,118,Band 1 - Basic/Everyday
137,knowledge,37,Band 1 - Basic/Everyday
138,larger,1,Band 1 - Basic/Everyday
139,late,1,Band 1 - Basic/Everyday
140,law,47,Band 1 - Basic/Everyday
141,lay,1,Band 1 - Basic/Everyday
142,lead,37,Band 1 - Basic/Everyday
143,leader,22,Band 1 - Basic/Everyday
144,learn,219,Band 1 - Basic/Everyday
145,learned,23,Band 1 - Basic/Everyday
146,learning,53,Band 1 - Basic/Everyday
147,leaving,1,Band 1 - Basic/Everyday
148,lesson,86,Band 1 - Basic/Everyday
149,lets,1,Band 1 - Basic/Everyday
150,letters,1,Band 1 - Basic/Everyday
151,life,217,Band 1 - Basic/Everyday
152,light,20,Band 1 - Basic/Everyday
153,likely,22,Band 1 - Basic/Everyday
154,list,19,Band 1 - Basic/Everyday
155,listen,29,Band 1 - Basic/Everyday
156,listened,1,Band 1 - Basic/Everyday
157,listening,17,Band 1 - Basic/Everyday
158,live,79,Band 1 - Basic/Everyday
159,lives,82,Band 1 - Basic/Everyday
160,living,63,Band 1 - Basic/Everyday
161,look,29,Band 1 - Basic/Everyday
162,lose,1,Band 1 - Basic/Everyday
163,love,154,Band 1 - Basic/Everyday
164,loving,26,Band 1 - Basic/Everyday
165,low,1,Band 1 - Basic/Everyday
166,made,35,Band 1 - Basic/Everyday
167,make,184,Band 1 - Basic/Everyday
168,making,22,Band 1 - Basic/Everyday
169,man,29,Band 1 - Basic/Everyday
170,may,151,Band 1 - Basic/Everyday
171,mean,17,Band 1 - Basic/Everyday
172,means,50,Band 1 - Basic/Everyday
173,meet,59,Band 1 - Basic/Everyday
174,meeting,59,Band 1 - Basic/Everyday
175,member,47,Band 1 - Basic/Everyday
176,men,19,Band 1 - Basic/Everyday
177,message,61,Band 1 - Basic/Everyday
178,middle,1,Band 1 - Basic/Everyday
179,might,130,Band 1 - Basic/Everyday
180,mind,27,Band 1 - Basic/Everyday
181,minutes,17,Band 1 - Basic/Everyday
182,missing,1,Band 1 - Basic/Everyday
183,mistake,1,Band 1 - Basic/Everyday
184,money,1,Band 1 - Basic/Everyday
185,moon,1,Band 1 - Basic/Everyday
186,more,210,Band 1 - Basic/Everyday
187,mother,1,Band 1 - Basic/Everyday
188,moved,1,Band 1 - Basic/Everyday
189,movies,1,Band 1 - Basic/Everyday
190,moving,1,Band 1 - Basic/Everyday
191,much,31,Band 1 - Basic/Everyday
192,must,22,Band 1 - Basic/Everyday
193,name,36,Band 1 - Basic/Everyday
194,need,87,Band 1 - Basic/Everyday
195,needed,28,Band 1 - Basic/Everyday
196,needs,80,Band 1 - Basic/Everyday
197,new,142,Band 1 - Basic/Everyday
198,next,40,Band 1 - Basic/Everyday
199,night,1,Band 1 - Basic/Everyday
200,no,30,Band 1 - Basic/Everyday
201,not,275,Band 1 - Basic/Everyday
202,notes,232,Band 1 - Basic/Everyday
203,offer,33,Band 1 - Basic/Everyday
204,often,40,Band 1 - Basic/Everyday
205,only,32,Band 1 - Basic/Everyday
206,open,21,Band 1 - Basic/Everyday
207,ours,1,Band 1 - Basic/Everyday
208,out,41,Band 1 - Basic/Everyday
209,own,71,Band 1 - Basic/Everyday
210,pages,1,Band 1 - Basic/Everyday
211,paper,1,Band 1 - Basic/Everyday
212,part,55,Band 1 - Basic/Everyday
213,path,29,Band 1 - Basic/Everyday
214,peace,35,Band 1 - Basic/Everyday
215,people,704,Band 1 - Basic/Everyday
216,person,227,Band 1 - Basic/Everyday
217,personal,106,Band 1 - Basic/Everyday
218,piece,1,Band 1 - Basic/Everyday
219,place,24,Band 1 - Basic/Everyday
220,plan,168,Band 1 - Basic/Everyday
221,played,1,Band 1 - Basic/Everyday
222,possible,50,Band 1 - Basic/Everyday
223,post,1,Band 1 - Basic/Everyday
224,power,140,Band 1 - Basic/Everyday
225,powers,1,Band 1 - Basic/Everyday
226,practice,29,Band 1 - Basic/Everyday
227,pray,119,Band 1 - Basic/Everyday
228,prayer,69,Band 1 - Basic/Everyday
229,praying,20,Band 1 - Basic/Everyday
230,prepare,82,Band 1 - Basic/Everyday
231,prepared,18,Band 1 - Basic/Everyday
232,print,1,Band 1 - Basic/Everyday
233,program,1,Band 1 - Basic/Everyday
234,project,1,Band 1 - Basic/Everyday
235,promise,36,Band 1 - Basic/Everyday
236,promised,24,Band 1 - Basic/Everyday
237,purpose,81,Band 1 - Basic/Everyday
238,put,17,Band 1 - Basic/Everyday
239,quicker,1,Band 1 - Basic/Everyday
240,raise,1,Band 1 - Basic/Everyday
241,raising,1,Band 1 - Basic/Everyday
242,rate,1,Band 1 - Basic/Everyday
243,read,133,Band 1 - Basic/Everyday
244,reading,32,Band 1 - Basic/Everyday
245,ready,18,Band 1 - Basic/Everyday
246,real,17,Band 1 - Basic/Everyday
247,receive,182,Band 1 - Basic/Everyday
248,received,35,Band 1 - Basic/Everyday
249,remains,1,Band 1 - Basic/Everyday
250,remember,38,Band 1 - Basic/Everyday
251,remove,1,Band 1 - Basic/Everyday
252,removed,1,Band 1 - Basic/Everyday
253,resting,1,Band 1 - Basic/Everyday
254,return,37,Band 1 - Basic/Everyday
255,right,41,Band 1 - Basic/Everyday
256,rising,1,Band 1 - Basic/Everyday
257,road,1,Band 1 - Basic/Everyday
258,role,24,Band 1 - Basic/Everyday
259,rooted,1,Band 1 - Basic/Everyday
260,roots,1,Band 1 - Basic/Everyday
261,rose,1,Band 1 - Basic/Everyday
262,run,1,Band 1 - Basic/Everyday
263,rush,1,Band 1 - Basic/Everyday
264,sad,1,Band 1 - Basic/Everyday
265,said,43,Band 1 - Basic/Everyday
266,same,21,Band 1 - Basic/Everyday
267,say,39,Band 1 - Basic/Everyday
268,schools,1,Band 1 - Basic/Everyday
269,screen,1,Band 1 - Basic/Everyday
270,search,24,Band 1 - Basic/Everyday
271,secret,1,Band 1 - Basic/Everyday
272,see,531,Band 1 - Basic/Everyday
273,seeing,1,Band 1 - Basic/Everyday
274,seemed,1,Band 1 - Basic/Everyday
275,seems,1,Band 1 - Basic/Everyday
276,seen,1,Band 1 - Basic/Everyday
277,self,1,Band 1 - Basic/Everyday
278,sends,1,Band 1 - Basic/Everyday
279,serve,67,Band 1 - Basic/Everyday
280,served,1,Band 1 - Basic/Everyday
281,service,65,Band 1 - Basic/Everyday
282,serving,17,Band 1 - Basic/Everyday
283,set,76,Band 1 - Basic/Everyday
284,setting,22,Band 1 - Basic/Everyday
285,shall,36,Band 1 - Basic/Everyday
286,share,150,Band 1 - Basic/Everyday
287,sharing,40,Band 1 - Basic/Everyday
288,sheep,1,Band 1 - Basic/Everyday
289,sheets,1,Band 1 - Basic/Everyday
290,shopping,1,Band 1 - Basic/Everyday
291,shore,1,Band 1 - Basic/Everyday
292,should,117,Band 1 - Basic/Everyday
293,show,42,Band 1 - Basic/Everyday
294,sidewalk,1,Band 1 - Basic/Everyday
295,signs,1,Band 1 - Basic/Everyday
296,simple,27,Band 1 - Basic/Everyday
297,sin,40,Band 1 - Basic/Everyday
298,sink,1,Band 1 - Basic/Everyday
299,six,1,Band 1 - Basic/Everyday
300,size,1,Band 1 - Basic/Everyday
301,sleep,1,Band 1 - Basic/Everyday
302,smoke,1,Band 1 - Basic/Everyday
303,somewhere,1,Band 1 - Basic/Everyday
304,sound,1,Band 1 - Basic/Everyday
305,speak,22,Band 1 - Basic/Everyday
306,spending,1,Band 1 - Basic/Everyday
307,spent,1,Band 1 - Basic/Everyday
308,spirit,277,Band 1 - Basic/Everyday
309,spoke,1,Band 1 - Basic/Everyday
310,stand,22,Band 1 - Basic/Everyday
311,standing,1,Band 1 - Basic/Everyday
312,stars,1,Band 1 - Basic/Everyday
313,stood,1,Band 1 - Basic/Everyday
314,stops,1,Band 1 - Basic/Everyday
315,street,1,Band 1 - Basic/Everyday
316,strength,32,Band 1 - Basic/Everyday
317,strong,21,Band 1 - Basic/Everyday
318,students,1,Band 1 - Basic/Everyday
319,study,408,Band 1 - Basic/Everyday
320,studying,23,Band 1 - Basic/Everyday
321,support,71,Band 1 - Basic/Everyday
322,tag,1,Band 1 - Basic/Everyday
323,take,58,Band 1 - Basic/Everyday
324,talk,25,Band 1 - Basic/Everyday
325,task,1,Band 1 - Basic/Everyday
326,taught,134,Band 1 - Basic/Everyday
327,tea,1,Band 1 - Basic/Everyday
328,teach,493,Band 1 - Basic/Everyday
329,teaching,212,Band 1 - Basic/Everyday
330,tech,1,Band 1 - Basic/Everyday
331,tell,19,Band 1 - Basic/Everyday
332,test,1,Band 1 - Basic/Everyday
333,theirs,1,Band 1 - Basic/Everyday
334,then,52,Band 1 - Basic/Everyday
335,there,59,Band 1 - Basic/Everyday
336,thin,1,Band 1 - Basic/Everyday
337,things,64,Band 1 - Basic/Everyday
338,think,44,Band 1 - Basic/Everyday
339,thoughts,39,Band 1 - Basic/Everyday
340,thunder,1,Band 1 - Basic/Everyday
341,time,136,Band 1 - Basic/Everyday
342,tired,1,Band 1 - Basic/Everyday
343,today,24,Band 1 - Basic/Everyday
344,together,48,Band 1 - Basic/Everyday
345,tone,1,Band 1 - Basic/Everyday
346,tool,1,Band 1 - Basic/Everyday
347,tour,1,Band 1 - Basic/Everyday
348,track,1,Band 1 - Basic/Everyday
349,train,1,Band 1 - Basic/Everyday
350,travel,1,Band 1 - Basic/Everyday
351,traveled,1,Band 1 - Basic/Everyday
352,true,52,Band 1 - Basic/Everyday
353,trust,33,Band 1 - Basic/Everyday
354,truth,83,Band 1 - Basic/Everyday
355,try,24,Band 1 - Basic/Everyday
356,two,39,Band 1 - Basic/Everyday
357,types,1,Band 1 - Basic/Everyday
358,understand,97,Band 1 - Basic/Everyday
359,understanding,46,Band 1 - Basic/Everyday
360,use,168,Band 1 - Basic/Everyday
361,useful,1,Band 1 - Basic/Everyday
362,using,48,Band 1 - Basic/Everyday
363,very,21,Band 1 - Basic/Everyday
364,views,1,Band 1 - Basic/Everyday
365,walked,1,Band 1 - Basic/Everyday
366,walls,1,Band 1 - Basic/Everyday
367,want,32,Band 1 - Basic/Everyday
368,war,1,Band 1 - Basic/Everyday
369,warm,1,Band 1 - Basic/Everyday
370,warning,1,Band 1 - Basic/Everyday
371,washed,1,Band 1 - Basic/Everyday
372,water,29,Band 1 - Basic/Everyday
373,way,78,Band 1 - Basic/Everyday
374,wear,1,Band 1 - Basic/Everyday
375,web,1,Band 1 - Basic/Everyday
376,week,32,Band 1 - Basic/Everyday
377,why,52,Band 1 - Basic/Everyday
378,will,707,Band 1 - Basic/Everyday
379,willing,31,Band 1 - Basic/Everyday
380,wind,1,Band 1 - Basic/Everyday
381,window,1,Band 1 - Basic/Everyday
382,wine,1,Band 1 - Basic/Everyday
383,wishes,1,Band 1 - Basic/Everyday
384,word,66,Band 1 - Basic/Everyday
385,work,167,Band 1 - Basic/Everyday
386,worked,1,Band 1 - Basic/Everyday
387,working,22,Band 1 - Basic/Everyday
388,world,70,Band 1 - Basic/Everyday
389,would,93,Band 1 - Basic/Everyday
390,write,39,Band 1 - Basic/Everyday
391,yesterday,1,Band 1 - Basic/Everyday
392,yours,1,Band 1 - Basic/Everyday
393,ability,30,Band 2 - Elementary
394,absolutely,1,Band 2 - Elementary
395,accept,31,Band 2 - Elementary
396,according,28,Band 2 - Elementary
397,account,17,Band 2 - Elementary
398,acted,1,Band 2 - Elementary
399,actions,30,Band 2 - Elementary
400,activities,34,Band 2 - Elementary
401,actual,1,Band 2 - Elementary
402,afterwards,1,Band 2 - Elementary
403,ahead,1,Band 2 - Elementary
404,alcohol,1,Band 2 - Elementary
405,allowed,1,Band 2 - Elementary
406,allowing,1,Band 2 - Elementary
407,angels,1,Band 2 - Elementary
408,anger,1,Band 2 - Elementary
409,answer,52,Band 2 - Elementary
410,anymore,1,Band 2 - Elementary
411,appearing,1,Band 2 - Elementary
412,apply,64,Band 2 - Elementary
413,area,27,Band 2 - Elementary
414,argue,1,Band 2 - Elementary
415,army,1,Band 2 - Elementary
416,attack,1,Band 2 - Elementary
417,attend,39,Band 2 - Elementary
418,author,1,Band 2 - Elementary
419,avoid,18,Band 2 - Elementary
420,avoided,1,Band 2 - Elementary
421,awake,1,Band 2 - Elementary
422,away,33,Band 2 - Elementary
423,background,20,Band 2 - Elementary
424,bands,1,Band 2 - Elementary
425,bear,19,Band 2 - Elementary
426,beauty,1,Band 2 - Elementary
427,belongs,1,Band 2 - Elementary
428,benefits,1,Band 2 - Elementary
429,billions,1,Band 2 - Elementary
430,bleed,1,Band 2 - Elementary
431,bless,69,Band 2 - Elementary
432,blessings,114,Band 2 - Elementary
433,breaking,1,Band 2 - Elementary
434,brought,1,Band 2 - Elementary
435,calling,21,Band 2 - Elementary
436,carrying,1,Band 2 - Elementary
437,casually,1,Band 2 - Elementary
438,chap,1,Band 2 - Elementary
439,chapter,157,Band 2 - Elementary
440,cheat,1,Band 2 - Elementary
441,claimed,1,Band 2 - Elementary
442,clearer,1,Band 2 - Elementary
443,closet,1,Band 2 - Elementary
444,closing,1,Band 2 - Elementary
445,clothing,1,Band 2 - Elementary
446,coin,1,Band 2 - Elementary
447,communities,1,Band 2 - Elementary
448,company,1,Band 2 - Elementary
449,conclusion,1,Band 2 - Elementary
450,confidence,18,Band 2 - Elementary
451,confirmed,38,Band 2 - Elementary
452,congratulate,1,Band 2 - Elementary
453,contact,44,Band 2 - Elementary
454,covers,1,Band 2 - Elementary
455,create,23,Band 2 - Elementary
456,created,17,Band 2 - Elementary
457,creatures,1,Band 2 - Elementary
458,credit,1,Band 2 - Elementary
459,crowd,1,Band 2 - Elementary
460,daily,50,Band 2 - Elementary
461,deciding,1,Band 2 - Elementary
462,deeper,1,Band 2 - Elementary
463,deepest,1,Band 2 - Elementary
464,defined,1,Band 2 - Elementary
465,definition,1,Band 2 - Elementary
466,delicious,1,Band 2 - Elementary
467,delivered,1,Band 2 - Elementary
468,dent,1,Band 2 - Elementary
469,depending,1,Band 2 - Elementary
470,desire,39,Band 2 - Elementary
471,detailed,1,Band 2 - Elementary
472,develop,39,Band 2 - Elementary
473,developed,1,Band 2 - Elementary
474,developing,1,Band 2 - Elementary
475,development,1,Band 2 - Elementary
476,difficult,17,Band 2 - Elementary
477,digital,45,Band 2 - Elementary
478,direction,23,Band 2 - Elementary
479,directly,1,Band 2 - Elementary
480,discovered,1,Band 2 - Elementary
481,discuss,64,Band 2 - Elementary
482,disease,1,Band 2 - Elementary
483,document,1,Band 2 - Elementary
484,download,1,Band 2 - Elementary
485,drawing,1,Band 2 - Elementary
486,draws,1,Band 2 - Elementary
487,drinking,1,Band 2 - Elementary
488,drinks,1,Band 2 - Elementary
489,drugs,1,Band 2 - Elementary
490,earned,1,Band 2 - Elementary
491,earthquake,1,Band 2 - Elementary
492,eaten,1,Band 2 - Elementary
493,edge,1,Band 2 - Elementary
494,effort,28,Band 2 - Elementary
495,emotion,1,Band 2 - Elementary
496,employees,1,Band 2 - Elementary
497,encourage,43,Band 2 - Elementary
498,entire,1,Band 2 - Elementary
499,equipment,1,Band 2 - Elementary
500,especially,20,Band 2 - Elementary
501,exactly,1,Band 2 - Elementary
502,exciting,1,Band 2 - Elementary
503,exercise,28,Band 2 - Elementary
504,existed,1,Band 2 - Elementary
505,expects,1,Band 2 - Elementary
506,expensive,1,Band 2 - Elementary
507,experience,72,Band 2 - Elementary
508,explain,38,Band 2 - Elementary
509,express,25,Band 2 - Elementary
510,extend,39,Band 2 - Elementary
511,failure,1,Band 2 - Elementary
512,faith,266,Band 2 - Elementary
513,faithful,24,Band 2 - Elementary
514,feelings,41,Band 2 - Elementary
515,female,1,Band 2 - Elementary
516,finding,63,Band 2 - Elementary
517,finish,1,Band 2 - Elementary
518,fits,1,Band 2 - Elementary
519,focus,41,Band 2 - Elementary
520,follower,1,Band 2 - Elementary
521,forced,1,Band 2 - Elementary
522,freely,1,Band 2 - Elementary
523,fresh,1,Band 2 - Elementary
524,friendly,1,Band 2 - Elementary
525,fullest,1,Band 2 - Elementary
526,gain,23,Band 2 - Elementary
527,gathered,1,Band 2 - Elementary
528,general,81,Band 2 - Elementary
529,generation,1,Band 2 - Elementary
530,gentle,1,Band 2 - Elementary
531,ghost,207,Band 2 - Elementary
532,glory,23,Band 2 - Elementary
533,gospel,565,Band 2 - Elementary
534,greeting,1,Band 2 - Elementary
535,grown,1,Band 2 - Elementary
536,habit,1,Band 2 - Elementary
537,happiness,27,Band 2 - Elementary
538,healthier,1,Band 2 - Elementary
539,hearing,1,Band 2 - Elementary
540,held,1,Band 2 - Elementary
541,helpful,19,Band 2 - Elementary
542,history,46,Band 2 - Elementary
543,hold,22,Band 2 - Elementary
544,holder,1,Band 2 - Elementary
545,holy,235,Band 2 - Elementary
546,honestly,1,Band 2 - Elementary
547,ideal,1,Band 2 - Elementary
548,identify,48,Band 2 - Elementary
549,ignore,1,Band 2 - Elementary
550,ignored,1,Band 2 - Elementary
551,images,1,Band 2 - Elementary
552,important,87,Band 2 - Elementary
553,improve,49,Band 2 - Elementary
554,including,33,Band 2 - Elementary
555,increase,22,Band 2 - Elementary
556,individuals,17,Band 2 - Elementary
557,influence,42,Band 2 - Elementary
558,interview,37,Band 2 - Elementary
559,introduced,1,Band 2 - Elementary
560,invitation,59,Band 2 - Elementary
561,invite,143,Band 2 - Elementary
562,inviting,22,Band 2 - Elementary
563,iron,1,Band 2 - Elementary
564,isolated,1,Band 2 - Elementary
565,issued,1,Band 2 - Elementary
566,joins,1,Band 2 - Elementary
567,journal,41,Band 2 - Elementary
568,judged,1,Band 2 - Elementary
569,judgments,1,Band 2 - Elementary
570,jumping,1,Band 2 - Elementary
571,killed,1,Band 2 - Elementary
572,kindly,1,Band 2 - Elementary
573,kingdom,21,Band 2 - Elementary
574,language,101,Band 2 - Elementary
575,laying,1,Band 2 - Elementary
576,leadership,24,Band 2 - Elementary
577,lean,1,Band 2 - Elementary
578,learner,1,Band 2 - Elementary
579,lens,1,Band 2 - Elementary
580,lies,1,Band 2 - Elementary
581,lifting,1,Band 2 - Elementary
582,links,1,Band 2 - Elementary
583,liter,1,Band 2 - Elementary
584,local,56,Band 2 - Elementary
585,locally,1,Band 2 - Elementary
586,major,1,Band 2 - Elementary
587,manage,1,Band 2 - Elementary
588,manner,1,Band 2 - Elementary
589,market,1,Band 2 - Elementary
590,marking,1,Band 2 - Elementary
591,marriage,27,Band 2 - Elementary
592,materials,1,Band 2 - Elementary
593,measuring,1,Band 2 - Elementary
594,media,61,Band 2 - Elementary
595,medical,1,Band 2 - Elementary
596,mental,1,Band 2 - Elementary
597,mentally,1,Band 2 - Elementary
598,mentioned,1,Band 2 - Elementary
599,metal,1,Band 2 - Elementary
600,method,1,Band 2 - Elementary
601,millions,1,Band 2 - Elementary
602,mission,163,Band 2 - Elementary
603,missionary,157,Band 2 - Elementary
604,mobile,1,Band 2 - Elementary
605,monthly,1,Band 2 - Elementary
606,mouths,1,Band 2 - Elementary
607,musical,1,Band 2 - Elementary
608,narrow,1,Band 2 - Elementary
609,neighborhood,1,Band 2 - Elementary
610,nervous,1,Band 2 - Elementary
611,normally,1,Band 2 - Elementary
612,numbered,1,Band 2 - Elementary
613,obey,26,Band 2 - Elementary
614,obeyed,1,Band 2 - Elementary
615,occurred,1,Band 2 - Elementary
616,officers,39,Band 2 - Elementary
617,offices,1,Band 2 - Elementary
618,oldest,1,Band 2 - Elementary
619,online,18,Band 2 - Elementary
620,opera,1,Band 2 - Elementary
621,opinions,1,Band 2 - Elementary
622,opportunities,36,Band 2 - Elementary
623,opportunity,23,Band 2 - Elementary
624,overall,1,Band 2 - Elementary
625,overcome,17,Band 2 - Elementary
626,par,1,Band 2 - Elementary
627,participate,41,Band 2 - Elementary
628,partners,1,Band 2 - Elementary
629,party,1,Band 2 - Elementary
630,patience,21,Band 2 - Elementary
631,patient,19,Band 2 - Elementary
632,payment,1,Band 2 - Elementary
633,peaceful,1,Band 2 - Elementary
634,penalty,1,Band 2 - Elementary
635,performs,1,Band 2 - Elementary
636,phrase,1,Band 2 - Elementary
637,physical,21,Band 2 - Elementary
638,placing,1,Band 2 - Elementary
639,planning,35,Band 2 - Elementary
640,plates,1,Band 2 - Elementary
641,pointing,1,Band 2 - Elementary
642,policy,1,Band 2 - Elementary
643,port,1,Band 2 - Elementary
644,pose,32,Band 2 - Elementary
645,position,1,Band 2 - Elementary
646,powerful,20,Band 2 - Elementary
647,practiced,1,Band 2 - Elementary
648,practicing,1,Band 2 - Elementary
649,praised,1,Band 2 - Elementary
650,preach,79,Band 2 - Elementary
651,preached,1,Band 2 - Elementary
652,prefer,1,Band 2 - Elementary
653,presence,26,Band 2 - Elementary
654,presents,1,Band 2 - Elementary
655,president,42,Band 2 - Elementary
656,pressure,1,Band 2 - Elementary
657,prevent,1,Band 2 - Elementary
658,probably,1,Band 2 - Elementary
659,process,44,Band 2 - Elementary
660,produce,1,Band 2 - Elementary
661,produced,1,Band 2 - Elementary
662,profit,1,Band 2 - Elementary
663,progress,70,Band 2 - Elementary
664,properly,1,Band 2 - Elementary
665,prophet,81,Band 2 - Elementary
666,protects,1,Band 2 - Elementary
667,provide,26,Band 2 - Elementary
668,punishment,1,Band 2 - Elementary
669,qualified,1,Band 2 - Elementary
670,qualities,1,Band 2 - Elementary
671,question,27,Band 2 - Elementary
672,realizing,1,Band 2 - Elementary
673,receiving,25,Band 2 - Elementary
674,recognize,38,Band 2 - Elementary
675,record,74,Band 2 - Elementary
676,recover,1,Band 2 - Elementary
677,recovery,1,Band 2 - Elementary
678,reference,1,Band 2 - Elementary
679,regret,1,Band 2 - Elementary
680,related,45,Band 2 - Elementary
681,relates,1,Band 2 - Elementary
682,relation,1,Band 2 - Elementary
683,relationships,27,Band 2 - Elementary
684,released,1,Band 2 - Elementary
685,religions,1,Band 2 - Elementary
686,rely,17,Band 2 - Elementary
687,remaining,1,Band 2 - Elementary
688,reminder,1,Band 2 - Elementary
689,repeating,1,Band 2 - Elementary
690,replaced,1,Band 2 - Elementary
691,replied,1,Band 2 - Elementary
692,research,1,Band 2 - Elementary
693,resolved,1,Band 2 - Elementary
694,resources,29,Band 2 - Elementary
695,respond,22,Band 2 - Elementary
696,responded,1,Band 2 - Elementary
697,responding,1,Band 2 - Elementary
698,responsibility,17,Band 2 - Elementary
699,rested,1,Band 2 - Elementary
700,restored,64,Band 2 - Elementary
701,resulted,1,Band 2 - Elementary
702,returning,29,Band 2 - Elementary
703,revealed,17,Band 2 - Elementary
704,review,50,Band 2 - Elementary
705,rod,1,Band 2 - Elementary
706,route,1,Band 2 - Elementary
707,sacrifice,29,Band 2 - Elementary
708,satisfied,1,Band 2 - Elementary
709,schedule,24,Band 2 - Elementary
710,schedules,1,Band 2 - Elementary
711,section,29,Band 2 - Elementary
712,secure,1,Band 2 - Elementary
713,security,1,Band 2 - Elementary
714,seek,121,Band 2 - Elementary
715,select,19,Band 2 - Elementary
716,senior,1,Band 2 - Elementary
717,sentences,1,Band 2 - Elementary
718,settle,1,Band 2 - Elementary
719,settled,1,Band 2 - Elementary
720,seventh,1,Band 2 - Elementary
721,shame,1,Band 2 - Elementary
722,shed,1,Band 2 - Elementary
723,shocked,1,Band 2 - Elementary
724,sickness,1,Band 2 - Elementary
725,signed,1,Band 2 - Elementary
726,silence,1,Band 2 - Elementary
727,sincere,23,Band 2 - Elementary
728,sincerely,20,Band 2 - Elementary
729,sinned,1,Band 2 - Elementary
730,situation,22,Band 2 - Elementary
731,skills,17,Band 2 - Elementary
732,slipping,1,Band 2 - Elementary
733,smaller,1,Band 2 - Elementary
734,smoked,1,Band 2 - Elementary
735,social,19,Band 2 - Elementary
736,solution,1,Band 2 - Elementary
737,someday,1,Band 2 - Elementary
738,sometimes,30,Band 2 - Elementary
739,somewhat,1,Band 2 - Elementary
740,son,45,Band 2 - Elementary
741,soul,23,Band 2 - Elementary
742,spelling,1,Band 2 - Elementary
743,spiritual,110,Band 2 - Elementary
744,spoken,1,Band 2 - Elementary
745,standards,26,Band 2 - Elementary
746,statues,1,Band 2 - Elementary
747,stored,1,Band 2 - Elementary
748,streaming,1,Band 2 - Elementary
749,strengthen,56,Band 2 - Elementary
750,stretching,1,Band 2 - Elementary
751,succeeded,1,Band 2 - Elementary
752,successfully,1,Band 2 - Elementary
753,suggested,1,Band 2 - Elementary
754,sung,1,Band 2 - Elementary
755,supported,1,Band 2 - Elementary
756,sure,18,Band 2 - Elementary
757,surface,1,Band 2 - Elementary
758,surfing,1,Band 2 - Elementary
759,surrounded,1,Band 2 - Elementary
760,surrounding,1,Band 2 - Elementary
761,survive,1,Band 2 - Elementary
762,switch,1,Band 2 - Elementary
763,sword,1,Band 2 - Elementary
764,talent,1,Band 2 - Elementary
765,techniques,1,Band 2 - Elementary
766,technology,41,Band 2 - Elementary
767,temple,61,Band 2 - Elementary
768,tempts,1,Band 2 - Elementary
769,testimony,94,Band 2 - Elementary
770,textbooks,1,Band 2 - Elementary
771,texts,1,Band 2 - Elementary
772,thanksgiving,1,Band 2 - Elementary
773,theater,1,Band 2 - Elementary
774,thoughtful,1,Band 2 - Elementary
775,threatened,1,Band 2 - Elementary
776,tightly,1,Band 2 - Elementary
777,titles,1,Band 2 - Elementary
778,tobacco,1,Band 2 - Elementary
779,topics,49,Band 2 - Elementary
780,torn,1,Band 2 - Elementary
781,touches,1,Band 2 - Elementary
782,trace,1,Band 2 - Elementary
783,traditions,1,Band 2 - Elementary
784,transfer,1,Band 2 - Elementary
785,transferred,1,Band 2 - Elementary
786,treasures,1,Band 2 - Elementary
787,treating,1,Band 2 - Elementary
788,treatment,1,Band 2 - Elementary
789,triple,1,Band 2 - Elementary
790,troubles,1,Band 2 - Elementary
791,unappreciated,1,Band 2 - Elementary
792,uncomfortable,1,Band 2 - Elementary
793,underline,1,Band 2 - Elementary
794,understandable,1,Band 2 - Elementary
795,unexpected,1,Band 2 - Elementary
796,unhappiness,1,Band 2 - Elementary
797,union,1,Band 2 - Elementary
798,unite,27,Band 2 - Elementary
799,universal,1,Band 2 - Elementary
800,unusual,1,Band 2 - Elementary
801,urge,1,Band 2 - Elementary
802,vain,1,Band 2 - Elementary
803,valid,1,Band 2 - Elementary
804,valued,1,Band 2 - Elementary
805,various,1,Band 2 - Elementary
806,vast,1,Band 2 - Elementary
807,verses,32,Band 2 - Elementary
808,version,40,Band 2 - Elementary
809,vision,19,Band 2 - Elementary
810,visit,35,Band 2 - Elementary
811,visited,1,Band 2 - Elementary
812,warns,1,Band 2 - Elementary
813,warriors,1,Band 2 - Elementary
814,wax,1,Band 2 - Elementary
815,weekly,53,Band 2 - Elementary
816,welcomes,1,Band 2 - Elementary
817,whisper,1,Band 2 - Elementary
818,widely,1,Band 2 - Elementary
819,withdrew,1,Band 2 - Elementary
820,witness,49,Band 2 - Elementary
821,wording,1,Band 2 - Elementary
822,worn,1,Band 2 - Elementary
823,worried,1,Band 2 - Elementary
824,worry,1,Band 2 - Elementary
825,wounded,1,Band 2 - Elementary
826,zone,22,Band 2 - Elementary
827,absolute,1,Band 3 - Intermediate
828,abusing,1,Band 3 - Intermediate
829,accompanied,1,Band 3 - Intermediate
830,accomplish,24,Band 3 - Intermediate
831,accomplished,1,Band 3 - Intermediate
832,accounting,1,Band 3 - Intermediate
833,accumulated,1,Band 3 - Intermediate
834,accuracy,1,Band 3 - Intermediate
835,achievement,1,Band 3 - Intermediate
836,acquaintances,1,Band 3 - Intermediate
837,adapting,1,Band 3 - Intermediate
838,adopt,1,Band 3 - Intermediate
839,adopted,1,Band 3 - Intermediate
840,advantage,1,Band 3 - Intermediate
841,affairs,1,Band 3 - Intermediate
842,affect,1,Band 3 - Intermediate
843,agency,22,Band 3 - Intermediate
844,ancestor,1,Band 3 - Intermediate
845,ancestors,18,Band 3 - Intermediate
846,apology,1,Band 3 - Intermediate
847,apostles,35,Band 3 - Intermediate
848,applied,1,Band 3 - Intermediate
849,appointed,1,Band 3 - Intermediate
850,appreciation,1,Band 3 - Intermediate
851,approaches,1,Band 3 - Intermediate
852,appropriate,36,Band 3 - Intermediate
853,approves,1,Band 3 - Intermediate
854,arises,1,Band 3 - Intermediate
855,associations,1,Band 3 - Intermediate
856,assure,1,Band 3 - Intermediate
857,attitudes,1,Band 3 - Intermediate
858,authentic,1,Band 3 - Intermediate
859,authority,59,Band 3 - Intermediate
860,automatically,1,Band 3 - Intermediate
861,awareness,1,Band 3 - Intermediate
862,baptism,186,Band 3 - Intermediate
863,baptized,115,Band 3 - Intermediate
864,barrier,1,Band 3 - Intermediate
865,basis,1,Band 3 - Intermediate
866,behaviors,1,Band 3 - Intermediate
867,believers,1,Band 3 - Intermediate
868,bind,1,Band 3 - Intermediate
869,bled,1,Band 3 - Intermediate
870,bolder,1,Band 3 - Intermediate
871,bond,1,Band 3 - Intermediate
872,brief,26,Band 3 - Intermediate
873,broader,1,Band 3 - Intermediate
874,burdensome,1,Band 3 - Intermediate
875,campaigns,1,Band 3 - Intermediate
876,capacities,1,Band 3 - Intermediate
877,central,17,Band 3 - Intermediate
878,ceremony,1,Band 3 - Intermediate
879,chain,1,Band 3 - Intermediate
880,challenges,32,Band 3 - Intermediate
881,channels,1,Band 3 - Intermediate
882,charges,1,Band 3 - Intermediate
883,charity,18,Band 3 - Intermediate
884,chastity,18,Band 3 - Intermediate
885,checklist,1,Band 3 - Intermediate
886,cheer,1,Band 3 - Intermediate
887,cheerfully,1,Band 3 - Intermediate
888,chief,1,Band 3 - Intermediate
889,cigarette,1,Band 3 - Intermediate
890,circumstances,18,Band 3 - Intermediate
891,civil,1,Band 3 - Intermediate
892,clarify,1,Band 3 - Intermediate
893,cleanliness,1,Band 3 - Intermediate
894,combination,1,Band 3 - Intermediate
895,combine,1,Band 3 - Intermediate
896,combined,1,Band 3 - Intermediate
897,comforted,1,Band 3 - Intermediate
898,comforting,1,Band 3 - Intermediate
899,commandment,17,Band 3 - Intermediate
900,commitment,43,Band 3 - Intermediate
901,companion,136,Band 3 - Intermediate
902,compares,1,Band 3 - Intermediate
903,comparisons,1,Band 3 - Intermediate
904,compete,1,Band 3 - Intermediate
905,competitive,1,Band 3 - Intermediate
906,complex,1,Band 3 - Intermediate
907,composed,1,Band 3 - Intermediate
908,concerns,24,Band 3 - Intermediate
909,conducted,1,Band 3 - Intermediate
910,conferences,17,Band 3 - Intermediate
911,confessed,1,Band 3 - Intermediate
912,confirmation,80,Band 3 - Intermediate
913,consequence,1,Band 3 - Intermediate
914,consider,77,Band 3 - Intermediate
915,converts,20,Band 3 - Intermediate
916,convey,1,Band 3 - Intermediate
917,convinced,1,Band 3 - Intermediate
918,correcting,1,Band 3 - Intermediate
919,correction,1,Band 3 - Intermediate
920,council,42,Band 3 - Intermediate
921,counsel,25,Band 3 - Intermediate
922,countless,1,Band 3 - Intermediate
923,creations,1,Band 3 - Intermediate
924,criticize,1,Band 3 - Intermediate
925,cultural,1,Band 3 - Intermediate
926,darts,1,Band 3 - Intermediate
927,database,1,Band 3 - Intermediate
928,debate,1,Band 3 - Intermediate
929,debated,1,Band 3 - Intermediate
930,declaring,1,Band 3 - Intermediate
931,dedication,1,Band 3 - Intermediate
932,deed,1,Band 3 - Intermediate
933,delight,1,Band 3 - Intermediate
934,deny,1,Band 3 - Intermediate
935,dependable,1,Band 3 - Intermediate
936,descriptions,1,Band 3 - Intermediate
937,designed,1,Band 3 - Intermediate
938,desiring,1,Band 3 - Intermediate
939,destructive,1,Band 3 - Intermediate
940,devoting,1,Band 3 - Intermediate
941,devotion,1,Band 3 - Intermediate
942,dictionaries,1,Band 3 - Intermediate
943,differ,1,Band 3 - Intermediate
944,differed,1,Band 3 - Intermediate
945,directing,1,Band 3 - Intermediate
946,disciples,49,Band 3 - Intermediate
947,disobey,1,Band 3 - Intermediate
948,distance,1,Band 3 - Intermediate
949,distractions,1,Band 3 - Intermediate
950,distress,1,Band 3 - Intermediate
951,district,22,Band 3 - Intermediate
952,divine,23,Band 3 - Intermediate
953,doctrine,380,Band 3 - Intermediate
954,donation,1,Band 3 - Intermediate
955,doorstep,1,Band 3 - Intermediate
956,doubts,1,Band 3 - Intermediate
957,drifts,1,Band 3 - Intermediate
958,eager,1,Band 3 - Intermediate
959,eagerly,1,Band 3 - Intermediate
960,ease,1,Band 3 - Intermediate
961,effective,17,Band 3 - Intermediate
962,elders,20,Band 3 - Intermediate
963,element,1,Band 3 - Intermediate
964,embarrassment,1,Band 3 - Intermediate
965,embracing,1,Band 3 - Intermediate
966,employers,1,Band 3 - Intermediate
967,endure,23,Band 3 - Intermediate
968,enduring,20,Band 3 - Intermediate
969,enhanced,1,Band 3 - Intermediate
970,enormous,1,Band 3 - Intermediate
971,ensured,1,Band 3 - Intermediate
972,entries,1,Band 3 - Intermediate
973,environments,1,Band 3 - Intermediate
974,envy,1,Band 3 - Intermediate
975,essential,24,Band 3 - Intermediate
976,essentially,1,Band 3 - Intermediate
977,essentials,1,Band 3 - Intermediate
978,establishing,1,Band 3 - Intermediate
979,eternal,75,Band 3 - Intermediate
980,eternity,17,Band 3 - Intermediate
981,evaluation,1,Band 3 - Intermediate
982,everyday,1,Band 3 - Intermediate
983,evils,1,Band 3 - Intermediate
984,exception,1,Band 3 - Intermediate
985,exchanges,1,Band 3 - Intermediate
986,exercised,1,Band 3 - Intermediate
987,expanded,1,Band 3 - Intermediate
988,expectation,1,Band 3 - Intermediate
989,experiment,1,Band 3 - Intermediate
990,facial,1,Band 3 - Intermediate
991,faiths,1,Band 3 - Intermediate
992,fantasy,1,Band 3 - Intermediate
993,fiery,1,Band 3 - Intermediate
994,financial,1,Band 3 - Intermediate
995,fireside,1,Band 3 - Intermediate
996,fisher,1,Band 3 - Intermediate
997,flaw,1,Band 3 - Intermediate
998,flows,1,Band 3 - Intermediate
999,flyers,1,Band 3 - Intermediate
1000,forgave,1,Band 3 - Intermediate
1001,formal,1,Band 3 - Intermediate
1002,formally,1,Band 3 - Intermediate
1003,formats,1,Band 3 - Intermediate
1004,forwarded,1,Band 3 - Intermediate
1005,foundation,27,Band 3 - Intermediate
1006,fulfill,21,Band 3 - Intermediate
1007,fundamental,1,Band 3 - Intermediate
1008,gatherings,1,Band 3 - Intermediate
1009,gifted,1,Band 3 - Intermediate
1010,gladly,1,Band 3 - Intermediate
1011,grounded,1,Band 3 - Intermediate
1012,guidance,48,Band 3 - Intermediate
1013,hardship,1,Band 3 - Intermediate
1014,harmful,1,Band 3 - Intermediate
1015,heavenly,117,Band 3 - Intermediate
1016,helpless,1,Band 3 - Intermediate
1017,heritage,1,Band 3 - Intermediate
1018,highlights,1,Band 3 - Intermediate
1019,hindsight,1,Band 3 - Intermediate
1020,hood,1,Band 3 - Intermediate
1021,illegal,1,Band 3 - Intermediate
1022,impacted,1,Band 3 - Intermediate
1023,impressions,24,Band 3 - Intermediate
1024,impressive,1,Band 3 - Intermediate
1025,incorrectly,1,Band 3 - Intermediate
1026,increasingly,1,Band 3 - Intermediate
1027,index,1,Band 3 - Intermediate
1028,indicated,1,Band 3 - Intermediate
1029,indicates,1,Band 3 - Intermediate
1030,influencing,1,Band 3 - Intermediate
1031,informal,1,Band 3 - Intermediate
1032,innocent,1,Band 3 - Intermediate
1033,insecure,1,Band 3 - Intermediate
1034,insights,18,Band 3 - Intermediate
1035,inspiration,22,Band 3 - Intermediate
1036,instance,1,Band 3 - Intermediate
1037,institute,1,Band 3 - Intermediate
1038,instructs,1,Band 3 - Intermediate
1039,intend,1,Band 3 - Intermediate
1040,intensely,1,Band 3 - Intermediate
1041,intent,18,Band 3 - Intermediate
1042,interact,1,Band 3 - Intermediate
1043,interacting,1,Band 3 - Intermediate
1044,interpreting,1,Band 3 - Intermediate
1045,interrupt,1,Band 3 - Intermediate
1046,interviewing,1,Band 3 - Intermediate
1047,introduces,1,Band 3 - Intermediate
1048,invested,1,Band 3 - Intermediate
1049,isolation,1,Band 3 - Intermediate
1050,justify,1,Band 3 - Intermediate
1051,kneel,1,Band 3 - Intermediate
1052,lifeless,1,Band 3 - Intermediate
1053,lifelong,17,Band 3 - Intermediate
1054,limitations,1,Band 3 - Intermediate
1055,linger,1,Band 3 - Intermediate
1056,loosed,1,Band 3 - Intermediate
1057,loosen,1,Band 3 - Intermediate
1058,lovingly,1,Band 3 - Intermediate
1059,lowly,1,Band 3 - Intermediate
1060,loyalty,1,Band 3 - Intermediate
1061,manifested,1,Band 3 - Intermediate
1062,mankind,1,Band 3 - Intermediate
1063,mature,1,Band 3 - Intermediate
1064,membership,18,Band 3 - Intermediate
1065,messenger,1,Band 3 - Intermediate
1066,midst,1,Band 3 - Intermediate
1067,mindful,1,Band 3 - Intermediate
1068,ministry,19,Band 3 - Intermediate
1069,miserable,1,Band 3 - Intermediate
1070,misunderstood,1,Band 3 - Intermediate
1071,mocks,1,Band 3 - Intermediate
1072,modest,1,Band 3 - Intermediate
1073,mormon,252,Band 3 - Intermediate
1074,mortal,22,Band 3 - Intermediate
1075,motivates,1,Band 3 - Intermediate
1076,motives,1,Band 3 - Intermediate
1077,multiplied,1,Band 3 - Intermediate
1078,noble,1,Band 3 - Intermediate
1079,numerous,1,Band 3 - Intermediate
1080,obeying,17,Band 3 - Intermediate
1081,obstacles,1,Band 3 - Intermediate
1082,occasion,1,Band 3 - Intermediate
1083,offend,1,Band 3 - Intermediate
1084,offended,1,Band 3 - Intermediate
1085,oneself,1,Band 3 - Intermediate
1086,ongoing,1,Band 3 - Intermediate
1087,optimistic,1,Band 3 - Intermediate
1088,ordinary,1,Band 3 - Intermediate
1089,origins,1,Band 3 - Intermediate
1090,outlet,1,Band 3 - Intermediate
1091,overwhelm,1,Band 3 - Intermediate
1092,paperback,1,Band 3 - Intermediate
1093,participants,1,Band 3 - Intermediate
1094,partnership,1,Band 3 - Intermediate
1095,passages,32,Band 3 - Intermediate
1096,permits,1,Band 3 - Intermediate
1097,persistent,1,Band 3 - Intermediate
1098,platforms,1,Band 3 - Intermediate
1099,pleading,1,Band 3 - Intermediate
1100,politely,1,Band 3 - Intermediate
1101,possessions,1,Band 3 - Intermediate
1102,practical,1,Band 3 - Intermediate
1103,prayerfully,23,Band 3 - Intermediate
1104,preserved,1,Band 3 - Intermediate
1105,principle,75,Band 3 - Intermediate
1106,prior,1,Band 3 - Intermediate
1107,privately,1,Band 3 - Intermediate
1108,professional,1,Band 3 - Intermediate
1109,prominent,1,Band 3 - Intermediate
1110,promising,1,Band 3 - Intermediate
1111,publicly,1,Band 3 - Intermediate
1112,publishing,1,Band 3 - Intermediate
1113,punctuation,1,Band 3 - Intermediate
1114,pupil,1,Band 3 - Intermediate
1115,purity,1,Band 3 - Intermediate
1116,qualifying,1,Band 3 - Intermediate
1117,quoted,1,Band 3 - Intermediate
1118,readiness,1,Band 3 - Intermediate
1119,reasoning,1,Band 3 - Intermediate
1120,rebelled,1,Band 3 - Intermediate
1121,recordings,1,Band 3 - Intermediate
1122,refined,1,Band 3 - Intermediate
1123,refreshed,1,Band 3 - Intermediate
1124,refusal,1,Band 3 - Intermediate
1125,regional,1,Band 3 - Intermediate
1126,rejection,1,Band 3 - Intermediate
1127,rejoicing,1,Band 3 - Intermediate
1128,relapse,1,Band 3 - Intermediate
1129,relatively,1,Band 3 - Intermediate
1130,remainder,1,Band 3 - Intermediate
1131,remorse,1,Band 3 - Intermediate
1132,render,1,Band 3 - Intermediate
1133,renewed,1,Band 3 - Intermediate
1134,renewing,1,Band 3 - Intermediate
1135,repent,81,Band 3 - Intermediate
1136,repentance,67,Band 3 - Intermediate
1137,researching,1,Band 3 - Intermediate
1138,reservation,1,Band 3 - Intermediate
1139,reserved,1,Band 3 - Intermediate
1140,restoration,63,Band 3 - Intermediate
1141,retain,1,Band 3 - Intermediate
1142,revelation,21,Band 3 - Intermediate
1143,sabbath,22,Band 3 - Intermediate
1144,sacred,36,Band 3 - Intermediate
1145,salvation,64,Band 3 - Intermediate
1146,scripture,120,Band 3 - Intermediate
1147,seekers,1,Band 3 - Intermediate
1148,seemingly,1,Band 3 - Intermediate
1149,selection,1,Band 3 - Intermediate
1150,separation,1,Band 3 - Intermediate
1151,sequence,1,Band 3 - Intermediate
1152,series,1,Band 3 - Intermediate
1153,shield,1,Band 3 - Intermediate
1154,shift,1,Band 3 - Intermediate
1155,shifting,1,Band 3 - Intermediate
1156,simpler,1,Band 3 - Intermediate
1157,specialist,1,Band 3 - Intermediate
1158,specific,35,Band 3 - Intermediate
1159,spend,1,Band 3 - Intermediate
1160,spiritually,33,Band 3 - Intermediate
1161,statistic,1,Band 3 - Intermediate
1162,strained,1,Band 3 - Intermediate
1163,strictly,1,Band 3 - Intermediate
1164,strive,24,Band 3 - Intermediate
1165,striving,1,Band 3 - Intermediate
1166,stumble,1,Band 3 - Intermediate
1167,stumbling,1,Band 3 - Intermediate
1168,submitting,1,Band 3 - Intermediate
1169,substitute,1,Band 3 - Intermediate
1170,successor,1,Band 3 - Intermediate
1171,suited,1,Band 3 - Intermediate
1172,summaries,1,Band 3 - Intermediate
1173,sustain,1,Band 3 - Intermediate
1174,teachable,1,Band 3 - Intermediate
1175,tendency,1,Band 3 - Intermediate
1176,testify,22,Band 3 - Intermediate
1177,thereby,1,Band 3 - Intermediate
1178,tithing,21,Band 3 - Intermediate
1179,trait,1,Band 3 - Intermediate
1180,transition,1,Band 3 - Intermediate
1181,transmit,1,Band 3 - Intermediate
1182,tremble,1,Band 3 - Intermediate
1183,trustworthy,1,Band 3 - Intermediate
1184,unbroken,1,Band 3 - Intermediate
1185,unchanging,1,Band 3 - Intermediate
1186,undermine,1,Band 3 - Intermediate
1187,uniquely,1,Band 3 - Intermediate
1188,unpaid,1,Band 3 - Intermediate
1189,unprepared,1,Band 3 - Intermediate
1190,unproductive,1,Band 3 - Intermediate
1191,vague,1,Band 3 - Intermediate
1192,virtues,1,Band 3 - Intermediate
1193,volumes,1,Band 3 - Intermediate
1194,voluntary,1,Band 3 - Intermediate
1195,wanders,1,Band 3 - Intermediate
1196,ward,82,Band 3 - Intermediate
1197,wards,1,Band 3 - Intermediate
1198,weaves,1,Band 3 - Intermediate
1199,wedges,1,Band 3 - Intermediate
1200,welfare,1,Band 3 - Intermediate
1201,wholesome,1,Band 3 - Intermediate
1202,wholly,1,Band 3 - Intermediate
1203,wishful,1,Band 3 - Intermediate
1204,wit,1,Band 3 - Intermediate
1205,withdrawn,1,Band 3 - Intermediate
1206,worshipping,1,Band 3 - Intermediate
1207,worthwhile,1,Band 3 - Intermediate
1208,wronged,1,Band 3 - Intermediate
1209,yielding,1,Band 3 - Intermediate
1210,abstinence,1,Band 4 - Upper-Intermediate/Advanced
1211,accelerates,1,Band 4 - Upper-Intermediate/Advanced
1212,accord,1,Band 4 - Upper-Intermediate/Advanced
1213,accordance,1,Band 4 - Upper-Intermediate/Advanced
1214,acquired,1,Band 4 - Upper-Intermediate/Advanced
1215,addictive,1,Band 4 - Upper-Intermediate/Advanced
1216,adjoining,1,Band 4 - Upper-Intermediate/Advanced
1217,admonished,1,Band 4 - Upper-Intermediate/Advanced
1218,adrift,1,Band 4 - Upper-Intermediate/Advanced
1219,adversary,1,Band 4 - Upper-Intermediate/Advanced
1220,affirmative,1,Band 4 - Upper-Intermediate/Advanced
1221,affirms,1,Band 4 - Upper-Intermediate/Advanced
1222,alienated,1,Band 4 - Upper-Intermediate/Advanced
1223,anchored,1,Band 4 - Upper-Intermediate/Advanced
1224,applications,1,Band 4 - Upper-Intermediate/Advanced
1225,apprehensive,1,Band 4 - Upper-Intermediate/Advanced
1226,architectural,1,Band 4 - Upper-Intermediate/Advanced
1227,arming,1,Band 4 - Upper-Intermediate/Advanced
1228,assessments,1,Band 4 - Upper-Intermediate/Advanced
1229,assistant,1,Band 4 - Upper-Intermediate/Advanced
1230,assurances,1,Band 4 - Upper-Intermediate/Advanced
1231,atoning,23,Band 4 - Upper-Intermediate/Advanced
1232,attentive,1,Band 4 - Upper-Intermediate/Advanced
1233,attribute,17,Band 4 - Upper-Intermediate/Advanced
1234,authoritative,1,Band 4 - Upper-Intermediate/Advanced
1235,baptismal,78,Band 4 - Upper-Intermediate/Advanced
1236,beneficial,1,Band 4 - Upper-Intermediate/Advanced
1237,bias,1,Band 4 - Upper-Intermediate/Advanced
1238,binding,1,Band 4 - Upper-Intermediate/Advanced
1239,bishop,17,Band 4 - Upper-Intermediate/Advanced
1240,bishops,1,Band 4 - Upper-Intermediate/Advanced
1241,breach,1,Band 4 - Upper-Intermediate/Advanced
1242,breadth,1,Band 4 - Upper-Intermediate/Advanced
1243,breastplate,1,Band 4 - Upper-Intermediate/Advanced
1244,carnal,1,Band 4 - Upper-Intermediate/Advanced
1245,characteristic,1,Band 4 - Upper-Intermediate/Advanced
1246,cherished,1,Band 4 - Upper-Intermediate/Advanced
1247,circa,1,Band 4 - Upper-Intermediate/Advanced
1248,clarification,1,Band 4 - Upper-Intermediate/Advanced
1249,cleansed,17,Band 4 - Upper-Intermediate/Advanced
1250,cleansing,1,Band 4 - Upper-Intermediate/Advanced
1251,commend,1,Band 4 - Upper-Intermediate/Advanced
1252,companionship,20,Band 4 - Upper-Intermediate/Advanced
1253,compatible,1,Band 4 - Upper-Intermediate/Advanced
1254,comply,1,Band 4 - Upper-Intermediate/Advanced
1255,concoct,1,Band 4 - Upper-Intermediate/Advanced
1256,conditional,1,Band 4 - Upper-Intermediate/Advanced
1257,confidential,1,Band 4 - Upper-Intermediate/Advanced
1258,conform,1,Band 4 - Upper-Intermediate/Advanced
1259,congratulations,1,Band 4 - Upper-Intermediate/Advanced
1260,consolation,1,Band 4 - Upper-Intermediate/Advanced
1261,console,1,Band 4 - Upper-Intermediate/Advanced
1262,consultations,1,Band 4 - Upper-Intermediate/Advanced
1263,contemplated,1,Band 4 - Upper-Intermediate/Advanced
1264,contentions,1,Band 4 - Upper-Intermediate/Advanced
1265,contrary,1,Band 4 - Upper-Intermediate/Advanced
1266,conversion,52,Band 4 - Upper-Intermediate/Advanced
1267,convictions,1,Band 4 - Upper-Intermediate/Advanced
1268,coordination,32,Band 4 - Upper-Intermediate/Advanced
1269,cornerstone,1,Band 4 - Upper-Intermediate/Advanced
1270,counterfeit,1,Band 4 - Upper-Intermediate/Advanced
1271,coupled,1,Band 4 - Upper-Intermediate/Advanced
1272,covenant,64,Band 4 - Upper-Intermediate/Advanced
1273,covenanted,1,Band 4 - Upper-Intermediate/Advanced
1274,covet,1,Band 4 - Upper-Intermediate/Advanced
1275,crude,1,Band 4 - Upper-Intermediate/Advanced
1276,crumbles,1,Band 4 - Upper-Intermediate/Advanced
1277,custodial,1,Band 4 - Upper-Intermediate/Advanced
1278,deacon,1,Band 4 - Upper-Intermediate/Advanced
1279,dealings,1,Band 4 - Upper-Intermediate/Advanced
1280,deceased,20,Band 4 - Upper-Intermediate/Advanced
1281,deceive,1,Band 4 - Upper-Intermediate/Advanced
1282,deception,1,Band 4 - Upper-Intermediate/Advanced
1283,defy,1,Band 4 - Upper-Intermediate/Advanced
1284,delegated,1,Band 4 - Upper-Intermediate/Advanced
1285,denominations,1,Band 4 - Upper-Intermediate/Advanced
1286,depart,1,Band 4 - Upper-Intermediate/Advanced
1287,depicting,1,Band 4 - Upper-Intermediate/Advanced
1288,descended,1,Band 4 - Upper-Intermediate/Advanced
1289,detours,1,Band 4 - Upper-Intermediate/Advanced
1290,detractors,1,Band 4 - Upper-Intermediate/Advanced
1291,devising,1,Band 4 - Upper-Intermediate/Advanced
1292,devotionals,1,Band 4 - Upper-Intermediate/Advanced
1293,dictate,1,Band 4 - Upper-Intermediate/Advanced
1294,dictated,1,Band 4 - Upper-Intermediate/Advanced
1295,disappointments,1,Band 4 - Upper-Intermediate/Advanced
1296,discerns,1,Band 4 - Upper-Intermediate/Advanced
1297,discord,1,Band 4 - Upper-Intermediate/Advanced
1298,disguised,1,Band 4 - Upper-Intermediate/Advanced
1299,disobedience,1,Band 4 - Upper-Intermediate/Advanced
1300,dispense,1,Band 4 - Upper-Intermediate/Advanced
1301,doctrinal,18,Band 4 - Upper-Intermediate/Advanced
1302,doings,1,Band 4 - Upper-Intermediate/Advanced
1303,dramatize,1,Band 4 - Upper-Intermediate/Advanced
1304,effectiveness,1,Band 4 - Upper-Intermediate/Advanced
1305,eliminate,1,Band 4 - Upper-Intermediate/Advanced
1306,encircled,1,Band 4 - Upper-Intermediate/Advanced
1307,enclosing,1,Band 4 - Upper-Intermediate/Advanced
1308,endeavor,1,Band 4 - Upper-Intermediate/Advanced
1309,engage,1,Band 4 - Upper-Intermediate/Advanced
1310,enlarges,1,Band 4 - Upper-Intermediate/Advanced
1311,enlightened,1,Band 4 - Upper-Intermediate/Advanced
1312,entrusted,1,Band 4 - Upper-Intermediate/Advanced
1313,equated,1,Band 4 - Upper-Intermediate/Advanced
1314,exalted,1,Band 4 - Upper-Intermediate/Advanced
1315,excerpts,1,Band 4 - Upper-Intermediate/Advanced
1316,expertise,1,Band 4 - Upper-Intermediate/Advanced
1317,extraordinary,1,Band 4 - Upper-Intermediate/Advanced
1318,faculty,1,Band 4 - Upper-Intermediate/Advanced
1319,familiarity,1,Band 4 - Upper-Intermediate/Advanced
1320,fasted,1,Band 4 - Upper-Intermediate/Advanced
1321,feeble,1,Band 4 - Upper-Intermediate/Advanced
1322,firstborn,1,Band 4 - Upper-Intermediate/Advanced
1323,footnote,1,Band 4 - Upper-Intermediate/Advanced
1324,forbid,1,Band 4 - Upper-Intermediate/Advanced
1325,forbidden,1,Band 4 - Upper-Intermediate/Advanced
1326,forsake,1,Band 4 - Upper-Intermediate/Advanced
1327,foyer,1,Band 4 - Upper-Intermediate/Advanced
1328,fussing,1,Band 4 - Upper-Intermediate/Advanced
1329,garnish,1,Band 4 - Upper-Intermediate/Advanced
1330,geographic,1,Band 4 - Upper-Intermediate/Advanced
1331,glorify,1,Band 4 - Upper-Intermediate/Advanced
1332,heartfelt,1,Band 4 - Upper-Intermediate/Advanced
1333,heed,1,Band 4 - Upper-Intermediate/Advanced
1334,height,1,Band 4 - Upper-Intermediate/Advanced
1335,hesitate,1,Band 4 - Upper-Intermediate/Advanced
1336,humankind,1,Band 4 - Upper-Intermediate/Advanced
1337,idleness,1,Band 4 - Upper-Intermediate/Advanced
1338,immerse,1,Band 4 - Upper-Intermediate/Advanced
1339,impact,1,Band 4 - Upper-Intermediate/Advanced
1340,imperfect,1,Band 4 - Upper-Intermediate/Advanced
1341,inclined,1,Band 4 - Upper-Intermediate/Advanced
1342,incorporate,1,Band 4 - Upper-Intermediate/Advanced
1343,indicator,25,Band 4 - Upper-Intermediate/Advanced
1344,inhabitants,1,Band 4 - Upper-Intermediate/Advanced
1345,innocence,1,Band 4 - Upper-Intermediate/Advanced
1346,interpretation,1,Band 4 - Upper-Intermediate/Advanced
1347,inward,1,Band 4 - Upper-Intermediate/Advanced
1348,irritate,1,Band 4 - Upper-Intermediate/Advanced
1349,judgmental,1,Band 4 - Upper-Intermediate/Advanced
1350,knelt,1,Band 4 - Upper-Intermediate/Advanced
1351,laced,1,Band 4 - Upper-Intermediate/Advanced
1352,liberally,1,Band 4 - Upper-Intermediate/Advanced
1353,likened,1,Band 4 - Upper-Intermediate/Advanced
1354,magnified,1,Band 4 - Upper-Intermediate/Advanced
1355,manifestations,1,Band 4 - Upper-Intermediate/Advanced
1356,manipulative,1,Band 4 - Upper-Intermediate/Advanced
1357,marital,1,Band 4 - Upper-Intermediate/Advanced
1358,marrow,1,Band 4 - Upper-Intermediate/Advanced
1359,meek,1,Band 4 - Upper-Intermediate/Advanced
1360,meetinghouse,1,Band 4 - Upper-Intermediate/Advanced
1361,mercifully,1,Band 4 - Upper-Intermediate/Advanced
1362,mildness,1,Band 4 - Upper-Intermediate/Advanced
1363,ministered,1,Band 4 - Upper-Intermediate/Advanced
1364,ministerial,1,Band 4 - Upper-Intermediate/Advanced
1365,miraculous,1,Band 4 - Upper-Intermediate/Advanced
1366,misunderstandings,1,Band 4 - Upper-Intermediate/Advanced
1367,misuses,1,Band 4 - Upper-Intermediate/Advanced
1368,misusing,1,Band 4 - Upper-Intermediate/Advanced
1369,modernized,1,Band 4 - Upper-Intermediate/Advanced
1370,multitude,1,Band 4 - Upper-Intermediate/Advanced
1371,necessities,1,Band 4 - Upper-Intermediate/Advanced
1372,observance,1,Band 4 - Upper-Intermediate/Advanced
1373,observant,1,Band 4 - Upper-Intermediate/Advanced
1374,operative,1,Band 4 - Upper-Intermediate/Advanced
1375,ordinance,19,Band 4 - Upper-Intermediate/Advanced
1376,originates,1,Band 4 - Upper-Intermediate/Advanced
1377,outwardly,1,Band 4 - Upper-Intermediate/Advanced
1378,overbearing,1,Band 4 - Upper-Intermediate/Advanced
1379,overviews,1,Band 4 - Upper-Intermediate/Advanced
1380,pamphlets,1,Band 4 - Upper-Intermediate/Advanced
1381,parable,1,Band 4 - Upper-Intermediate/Advanced
1382,paralyzed,1,Band 4 - Upper-Intermediate/Advanced
1383,parentheses,1,Band 4 - Upper-Intermediate/Advanced
1384,passive,1,Band 4 - Upper-Intermediate/Advanced
1385,penalized,1,Band 4 - Upper-Intermediate/Advanced
1386,perceptions,1,Band 4 - Upper-Intermediate/Advanced
1387,persecuted,1,Band 4 - Upper-Intermediate/Advanced
1388,persevere,1,Band 4 - Upper-Intermediate/Advanced
1389,persuaded,1,Band 4 - Upper-Intermediate/Advanced
1390,philosophies,1,Band 4 - Upper-Intermediate/Advanced
1391,pierce,1,Band 4 - Upper-Intermediate/Advanced
1392,pivotal,1,Band 4 - Upper-Intermediate/Advanced
1393,posterity,1,Band 4 - Upper-Intermediate/Advanced
1394,postpone,1,Band 4 - Upper-Intermediate/Advanced
1395,preferable,1,Band 4 - Upper-Intermediate/Advanced
1396,preferably,1,Band 4 - Upper-Intermediate/Advanced
1397,preliminary,1,Band 4 - Upper-Intermediate/Advanced
1398,preoccupied,1,Band 4 - Upper-Intermediate/Advanced
1399,preside,1,Band 4 - Upper-Intermediate/Advanced
1400,presume,1,Band 4 - Upper-Intermediate/Advanced
1401,priesthood,99,Band 4 - Upper-Intermediate/Advanced
1402,profound,1,Band 4 - Upper-Intermediate/Advanced
1403,prominence,1,Band 4 - Upper-Intermediate/Advanced
1404,pronouns,1,Band 4 - Upper-Intermediate/Advanced
1405,prophecies,1,Band 4 - Upper-Intermediate/Advanced
1406,prosperity,1,Band 4 - Upper-Intermediate/Advanced
1407,prying,1,Band 4 - Upper-Intermediate/Advanced
1408,purified,1,Band 4 - Upper-Intermediate/Advanced
1409,purposeful,1,Band 4 - Upper-Intermediate/Advanced
1410,quota,1,Band 4 - Upper-Intermediate/Advanced
1411,rationalize,1,Band 4 - Upper-Intermediate/Advanced
1412,reaffirmed,1,Band 4 - Upper-Intermediate/Advanced
1413,reception,1,Band 4 - Upper-Intermediate/Advanced
1414,recite,1,Band 4 - Upper-Intermediate/Advanced
1415,recognition,1,Band 4 - Upper-Intermediate/Advanced
1416,recreational,1,Band 4 - Upper-Intermediate/Advanced
1417,refreshes,1,Band 4 - Upper-Intermediate/Advanced
1418,refuge,1,Band 4 - Upper-Intermediate/Advanced
1419,registry,1,Band 4 - Upper-Intermediate/Advanced
1420,rejoiced,1,Band 4 - Upper-Intermediate/Advanced
1421,rejoices,1,Band 4 - Upper-Intermediate/Advanced
1422,relevance,1,Band 4 - Upper-Intermediate/Advanced
1423,relieving,1,Band 4 - Upper-Intermediate/Advanced
1424,remotely,1,Band 4 - Upper-Intermediate/Advanced
1425,reschedule,1,Band 4 - Upper-Intermediate/Advanced
1426,resignation,1,Band 4 - Upper-Intermediate/Advanced
1427,resolution,1,Band 4 - Upper-Intermediate/Advanced
1428,resonate,1,Band 4 - Upper-Intermediate/Advanced
1429,restrict,1,Band 4 - Upper-Intermediate/Advanced
1430,resurrected,35,Band 4 - Upper-Intermediate/Advanced
1431,resurrection,32,Band 4 - Upper-Intermediate/Advanced
1432,reverence,1,Band 4 - Upper-Intermediate/Advanced
1433,revives,1,Band 4 - Upper-Intermediate/Advanced
1434,rote,1,Band 4 - Upper-Intermediate/Advanced
1435,sacrament,53,Band 4 - Upper-Intermediate/Advanced
1436,scoff,1,Band 4 - Upper-Intermediate/Advanced
1437,scribes,1,Band 4 - Upper-Intermediate/Advanced
1438,scriptural,1,Band 4 - Upper-Intermediate/Advanced
1439,seers,1,Band 4 - Upper-Intermediate/Advanced
1440,seminary,1,Band 4 - Upper-Intermediate/Advanced
1441,sensitively,1,Band 4 - Upper-Intermediate/Advanced
1442,serenity,1,Band 4 - Upper-Intermediate/Advanced
1443,shod,1,Band 4 - Upper-Intermediate/Advanced
1444,shrines,1,Band 4 - Upper-Intermediate/Advanced
1445,shun,1,Band 4 - Upper-Intermediate/Advanced
1446,squandering,1,Band 4 - Upper-Intermediate/Advanced
1447,stances,1,Band 4 - Upper-Intermediate/Advanced
1448,stead,1,Band 4 - Upper-Intermediate/Advanced
1449,strait,1,Band 4 - Upper-Intermediate/Advanced
1450,submissive,1,Band 4 - Upper-Intermediate/Advanced
1451,subsections,1,Band 4 - Upper-Intermediate/Advanced
1452,subtle,1,Band 4 - Upper-Intermediate/Advanced
1453,subtly,1,Band 4 - Upper-Intermediate/Advanced
1454,supervision,1,Band 4 - Upper-Intermediate/Advanced
1455,surpass,1,Band 4 - Upper-Intermediate/Advanced
1456,symbolic,1,Band 4 - Upper-Intermediate/Advanced
1457,symbolism,1,Band 4 - Upper-Intermediate/Advanced
1458,symbolize,1,Band 4 - Upper-Intermediate/Advanced
1459,synagogues,1,Band 4 - Upper-Intermediate/Advanced
1460,systematic,1,Band 4 - Upper-Intermediate/Advanced
1461,tact,1,Band 4 - Upper-Intermediate/Advanced
1462,tactfully,1,Band 4 - Upper-Intermediate/Advanced
1463,tangible,1,Band 4 - Upper-Intermediate/Advanced
1464,tenderness,1,Band 4 - Upper-Intermediate/Advanced
1465,transformative,1,Band 4 - Upper-Intermediate/Advanced
1466,transgressed,1,Band 4 - Upper-Intermediate/Advanced
1467,trespasses,1,Band 4 - Upper-Intermediate/Advanced
1468,triumphed,1,Band 4 - Upper-Intermediate/Advanced
1469,trivial,1,Band 4 - Upper-Intermediate/Advanced
1470,unappealing,1,Band 4 - Upper-Intermediate/Advanced
1471,unlearned,1,Band 4 - Upper-Intermediate/Advanced
1472,unrighteousness,1,Band 4 - Upper-Intermediate/Advanced
1473,unshaken,1,Band 4 - Upper-Intermediate/Advanced
1474,validity,1,Band 4 - Upper-Intermediate/Advanced
1475,voluntarily,1,Band 4 - Upper-Intermediate/Advanced
1476,vulgar,1,Band 4 - Upper-Intermediate/Advanced
1477,wiles,1,Band 4 - Upper-Intermediate/Advanced
1478,worshipful,1,Band 4 - Upper-Intermediate/Advanced
1479,abound,1,Band 5 - Advanced/Academic
1480,admonish,1,Band 5 - Advanced/Academic
1481,affirmatively,1,Band 5 - Advanced/Academic
1482,animates,1,Band 5 - Advanced/Academic
1483,appendages,1,Band 5 - Advanced/Academic
1484,bestowed,1,Band 5 - Advanced/Academic
1485,canonized,1,Band 5 - Advanced/Academic
1486,cession,1,Band 5 - Advanced/Academic
1487,compassionately,1,Band 5 - Advanced/Academic
1488,compilations,1,Band 5 - Advanced/Academic
1489,comprehension,1,Band 5 - Advanced/Academic
1490,confer,1,Band 5 - Advanced/Academic
1491,consecrate,1,Band 5 - Advanced/Academic
1492,consecrated,1,Band 5 - Advanced/Academic
1493,consecration,1,Band 5 - Advanced/Academic
1494,crucible,1,Band 5 - Advanced/Academic
1495,dedicatory,1,Band 5 - Advanced/Academic
1496,denounce,1,Band 5 - Advanced/Academic
1497,dispelled,1,Band 5 - Advanced/Academic
1498,edification,1,Band 5 - Advanced/Academic
1499,edify,1,Band 5 - Advanced/Academic
1500,eloquence,1,Band 5 - Advanced/Academic
1501,emergence,1,Band 5 - Advanced/Academic
1502,encircles,1,Band 5 - Advanced/Academic
1503,engendered,1,Band 5 - Advanced/Academic
1504,engenders,1,Band 5 - Advanced/Academic
1505,exhorting,1,Band 5 - Advanced/Academic
1506,exponentially,1,Band 5 - Advanced/Academic
1507,fastness,1,Band 5 - Advanced/Academic
1508,fellowcitizens,1,Band 5 - Advanced/Academic
1509,fellowshipping,1,Band 5 - Advanced/Academic
1510,fortitude,1,Band 5 - Advanced/Academic
1511,fulness,31,Band 5 - Advanced/Academic
1512,graven,1,Band 5 - Advanced/Academic
1513,habitants,1,Band 5 - Advanced/Academic
1514,immunized,1,Band 5 - Advanced/Academic
1515,inscribed,1,Band 5 - Advanced/Academic
1516,intercession,1,Band 5 - Advanced/Academic
1517,internalize,1,Band 5 - Advanced/Academic
1518,invigorating,1,Band 5 - Advanced/Academic
1519,meekness,1,Band 5 - Advanced/Academic
1520,meted,1,Band 5 - Advanced/Academic
1521,overemphasized,1,Band 5 - Advanced/Academic
1522,perpetually,1,Band 5 - Advanced/Academic
1523,perpetuated,1,Band 5 - Advanced/Academic
1524,persuasively,1,Band 5 - Advanced/Academic
1525,plainness,1,Band 5 - Advanced/Academic
1526,prodigal,1,Band 5 - Advanced/Academic
1527,promptings,21,Band 5 - Advanced/Academic
1528,quorum,19,Band 5 - Advanced/Academic
1529,readmitted,1,Band 5 - Advanced/Academic
1530,reestablish,1,Band 5 - Advanced/Academic
1531,resilience,1,Band 5 - Advanced/Academic
1532,restitution,1,Band 5 - Advanced/Academic
1533,revelators,1,Band 5 - Advanced/Academic
1534,sanctifying,1,Band 5 - Advanced/Academic
1535,tumult,1,Band 5 - Advanced/Academic
1536,unceasingly,1,Band 5 - Advanced/Academic
1537,unspotted,1,Band 5 - Advanced/Academic
1538,virtuously,1,Band 5 - Advanced/Academic
